400,434,406,427,413,420,425,414,435,407,445,403,450,398,455,395,456,394,456,392,451,393,448,394,441,399,435,403,428,412,422,421,414,434,408,443,404,450,399,454,395,457,394,455,393,454,392,448,395,443,397,436,404,429,409,422,420,417,431,409,441,404,448,400,453,396,456,393,456,392,453,393,449,394,443,397,438,400,430,408,424,416,417,429,411,439,405,448,401,451,397,456,393,456,393,454,392,449,394
445,395,439,400,432,405,425,415,418,425,412,437,406,445,401,451,397,454,394,456,392,454,392,451,393,445,395,440,399,433,404,426,412,419,424,413,435,406,444,402,449,398,454,395,454,392,456,392,451,393,447,394,440,397,434,403,427,411,420,420,414,433,408,441,403,449,398,453,395,456,392,455,392,453,392,447,394,441,397,435,402,429,408,421,418,415,429,409,277,252,262,245,261,243,258,240,255,237,251,236
248,233,243,232,240,231,236,232,233,233,230,235,229,237,227,237,226,239,228,246,235,259,249,278,265,295,280,311,298,327,318,343,334,347,341,337,334,312,311,281,284,256,261,238,248,230,241,227,239,226,239,226,237,227,236,227,234,228,232,230,229,233,226,234,225,234,223,234,221,232,218,229,216,227,213,225,212,221,211,217,210,214,208,210,207,205,207,201,205,198,202,194,201,190,198,188,194,184,190,181
187,178,184,177,181,175,177,174,174,171,169,169,165,166,161,163,157,159,153,155,149,152,144,147,141,143,138,139,135,135,132,132,129,129,128,127,125,124,123,120,121,117,118,115,117,113,113,111,111,108,109,107,106,103,104,101,101,98,99,97,98,95,94,94,93,94,92,93,91,91,91,89,90,89,88,88,86,87,85,86,85,85,84,83,84,83,83,83,81,81,81,80,81,81,80,79,80,79,79,79
78,78,78,78,77,76,77,76,77,75,76,76,75,75,75,75,74,73,75,73,75,74,73,73,72,72,71,73,72,71,70,70,70,70,71,69,69,69,68,67,68,68,68,67,67,67,66,66,67,66,65,64,65,65,65,65,64,64,64,64,63,63,64,63,63,63,63,62,63,63,63,62,62,62,62,62,62,62,62,62,63,61,61,62,61,61,61,61,62,62,62,60,61,60,62,61,61,61,61,61
61,60,60,60,60,60,59,60,60,60,59,59,59,59,59,61,59,60,58,59,60,60,60,60,61,61,60,61,61,62,61,62,62,61,61,61,62,63,62,62,61,62,62,63,62,61,62,61,61,61,61,62,62,62,61,61,61,62,60,60,60,61,61,60,61,61,60,60,61,61,62,62,61,61,61,61,62,62,62,61,61,62,63,62,62,62,63,62,63,63,63,63,64,63,63,63,64,63,64,64
63,64,63,63,63,63,62,62,63,63,63,62,62,63,62,62,62,62,63,62,62,61,63,62,64,63,63,63,63,63,64,64,64,64,64,64,64,65,66,65,65,65,65,65,66,67,66,67,67,68,67,69,69,69,70,70,71,71,72,74,74,75,76,77,78,79,81,81,84,84,87,88,89,91,92,95,97,98,100,103,105,108,110,114,117,121,123,128,130,135,137,145,145,153,153,162,162,173,171,183
181,194,192,203,203,214,215,223,226,233,241,242,254,251,268,259,280,267,293,275,303,281,313,289,320,298,326,305,332,315,337,324,341,337,345,348,349,364,350,377,353,388,355,399,356,406,359,410,363,413,366,413,370,412,375,409,382,406,388,402,400,398,411,396,424,391,431,389,438,385,440,387,458,396,450,392,453,408,463,427,476,451,491,480,510,512,530,541,538,551,535,558,528,554,516,551,504,545,497,539
491,535,489,529,487,522,487,513,485,501,486,486,487,471,488,456,485,441,483,428,480,418,477,411,471,406,467,405,458,407,452,410,445,417,439,425,432,436,426,448,421,460,418,466,416,475,415,477,416,480,418,478,422,477,426,475,435,474,446,475,464,480,485,491,512,505,535,518,554,529,569,540,583,552,596,565,609,582,622,601,642,626,661,649,675,664,677,668,669,667,658,668,648,666,637,662,622,654,609,643
595,631,583,619,575,612,575,607,575,598,572,583,568,568,568,551,567,536,566,527,568,525,578,530,586,536,593,541,594,544,593,548,591,554,589,562,585,573,582,588,579,604,577,615,577,625,579,629,565,607,548,593,547,594,558,602,576,614,597,625,614,631,626,631,630,624,631,619,635,620,650,634,670,651,689,667,700,675,703,674,694,665,681,657,674,661,679,677,698,711,734,758,772,797,806,832,836,855,851,869
863,874,867,882,872,891,886,897,894,905,899,908,903,909,905,907,906,905,905,902,900,893,895,885,889,878,883,870,881,870,881,871,883,876,886,879,887,881,883,873,873,863,859,856,849,853,844,854,849,864,859,873,866,880,874,887,882,895,889,900,892,901,894,898,893,895,890,890,887,883,884,880,884,880,888,884,894,888,899,889,899,890,897,891,895,887,893,885,890,886,894,895,899,903,905,908,903,908,901,903
891,892,877,880,865,870,852,860,844,854,839,846,831,831,810,796,771,745,720,688,670,626,623,555,568,489,527,450,500,431,487,423,472,415,448,404,433,410,435,415,411,413,400,419,393,424,386,425,379,425,374,423,370,418,368,412,367,405,366,398,367,390,368,382,371,374,373,366,377,358,374,350,371,341,366,334,359,326,349,319,339,313,327,305,316,298,303,289,289,279,276,269,261,259,247,249,234,238,222,228
211,215,201,204,190,192,182,182,172,173,164,163,157,156,151,148,146,141,140,135,135,130,130,125,125,121,121,118,117,113,113,110,110,107,107,105,105,104,102,102,101,101,100,100,98,98,97,97,98,96,96,96,95,97,95,96,94,94,94,93,94,93,94,93,92,92,92,92,91,90,90,89,90,88,91,89,88,87,88,89,87,89,87,87,88,87,87,87,88,87,86,87,87,87,87,87,87,87,86,87
86,87,86,86,86,87,87,86,87,86,85,86,86,86,86,86,86,86,86,86,88,88,87,87,87,88,86,88,88,87,87,87,88,87,88,87,86,86,85,87,86,87,86,86,86,85,86,86,86,86,85,86,85,85,84,85,85,85,84,84,83,84,85,83,84,83,84,83,84,85,84,84,85,84,85,86,86,85,86,86,86,86,86,88,86,87,86,87,87,87,88,88,88,87,88,88,87,88,88,89
88,89,89,89,91,89,90,90,91,91,91,91,91,91,92,93,92,92,93,93,94,95,96,96,97,97,98,99,101,101,103,104,105,107,108,109,111,113,116,116,120,120,121,123,125,125,127,129,130,131,133,134,135,137,137,140,139,143,142,147,145,152,149,155,153,161,159,165,165,172,172,180,181,188,192,198,203,206,216,215,226,223,236,230,246,237,254,245,260,251,267,260,274,271,283,279,288,287,294,294
439,470,448,463,459,455,473,448,484,442,494,436,499,431,504,429,502,428,501,426,494,428,488,431,480,437,472,445,463,456,456,469,449,483,442,491,437,498,432,503,429,504,426,500,427,496,427,488,432,482,436,474,443,466,454,459,468,450,480,444,491,437,497,433,503,430,502,428,501,427,496,427,491,430,483,435,476,441,467,452,459,464,451,480,445,487,439,496,433,501,430,504,427,501,427,498,427,491,430
484,433,476,441,469,448,461,463,453,476,446,487,439,494,434,500,430,503,429,502,426,499,428,494,429,487,433,479,438,470,449,463,459,455,475,448,486,442,494,436,499,432,504,429,504,428,502,428,496,430,490,433,481,440,474,447,466,459,458,472,451,486,444,494,438,502,434,505,432,507,429,503,429,498,430,492,433,485,438,476,446,467,455,460,470,452,483,445,493,439,499,435,504,430,504,428,503,428,498,429
492,430,483,435,476,442,467,452,459,464,451,480,445,489,438,498,434,501,429,503,427,502,428,497,427,491,430,484,433,476,441,468,448,460,463,453,476,445,488,439,494,434,501,430,502,428,502,426,498,427,493,428,485,433,478,439,470,448,462,459,454,474,448,485,440,494,435,499,431,503,429,502,426,500,427,494,429,488,432,479,438,472,445,464,458,455,470,449,484,442,491,437,499,432,502,429,504,427,499,426
496,428,488,431,481,437,473,445,466,454,457,469,451,481,442,491,437,497,432,504,429,503,427,502,426,496,428,490,430,482,436,475,442,466,452,459,464,451,479,444,488,438,497,433,500,429,503,427,501,427,497,427,490,431,484,433,475,441,468,448,460,463,453,476,445,487,439,495,434,500,431,503,428,504,427,498,427,494,429,485,433,479,438,470,449,462,460,454,475,447,486,441,494,436,499,432,504,428,503,428
500,427,495,429,488,432,479,438,472,445,463,458,456,471,448,484,442,492,437,500,432,503,429,503,428,500,427,496,428,490,431,481,435,473,443,465,452,457,467,449,479,442,490,437,495,432,501,428,501,426,501,425,495,427,490,429,481,434,474,439,465,451,458,462,451,477,443,485,437,494,431,499,428,501,425,499,425,496,425,489,428,482,431,474,438,467,445,459,459,450,471,443,484,437,491,432,497,427,499,425
499,424,495,424,490,426,482,431,475,435,466,443,459,455,451,470,445,480,437,490,432,495,428,499,425,498,425,496,423,490,426,485,428,477,434,469,440,461,454,453,466,445,480,440,487,434,494,428,498,426,500,423,497,424,492,425,486,429,480,433,472,440,464,450,455,464,448,477,442,488,436,494,432,500,428,500,426,499,425,495,425,490,428,482,433,475,439,466,450,458,461,451,476,444,485,438,494,432,499,429
503,426,501,427,498,427,491,429,485,433,477,439,470,447,461,460,454,473,446,487,440,493,434,500,429,502,428,502,425,496,426,491,425,484,430,475,434,466,441,458,450,448,464,440,474,432,480,425,483,420,485,416,483,413,479,410,470,411,461,410,452,413,443,418,435,426,427,435,419,446,413,452,406,456,401,457,399,458,396,454,395,449,395,443,399,442,408,444,427,454,451,466,479,482,504,500,528,518,546,533
557,540,563,544,568,551,571,558,575,564,578,567,577,568,575,568,571,567,563,562,551,557,537,550,523,543,510,536,495,526,484,517,473,508,466,497,460,485,458,475,458,464,459,455,464,445,468,438,470,429,473,422,471,417,470,414,466,412,461,412,454,414,448,416,440,421,434,427,426,436,419,443,412,449,406,453,401,454,398,452,395,450,393,445,394,438,393,431,397,424,401,417,409,412,418,405,430,399,436,395
442,392,444,389,446,387,444,388,441,387,435,390,430,393,424,399,417,405,411,417,406,425,400,434,395,439,392,443,389,444,387,443,386,439,387,436,388,431,393,424,396,418,404,412,413,406,424,400,432,397,437,392,442,389,444,386,443,386,441,386,436,388,432,390,425,396,419,401,413,411,407,421,401,430,396,436,392,441,389,443,386,444,386,440,386,438,386,432,389,426,393,419,400,414,407,408,419,403,428,398
434,394,439,390,443,387,443,386,441,385,437,387,433,389,428,393,422,397,415,406,410,415,404,426,399,434,394,439,390,442,387,444,385,442,386,439,386,434,389,429,392,423,397,417,404,411,413,405,423,399,432,395,438,391,441,388,443,386,443,385,439,387,435,388,430,390,425,395,419,403,413,412,407,422,400,431,396,437,393,441,389,444,386,442,386,441,386,437,387,432,390,426,395,421,402,416,412,409,420,404
431,399,436,395,442,391,443,389,445,386,442,386,438,387,433,390,428,394,422,401,416,407,409,419,404,427,399,435,394,439,392,445,388,444,387,444,387,439,388,435,390,430,394,424,399,418,407,413,415,406,427,401,434,396,440,393,443,391,446,387,443,386,441,387,436,390,432,392,425,398,420,403,412,414,408,424,402,433,397,439,393,443,390,445,389,445,387,442,388,438,388,432,392,427,396,421,403,415,410,409
423,403,431,398,438,393,442,390,445,388,444,387,443,387,438,389,434,390,428,396,424,400,416,410,410,420,404,430,399,435,396,441,391,444,390,445,387,443,387,440,387,436,390,430,394,423,400,417,407,411,417,406,427,401,435,396,439,393,444,388,445,388,444,386,440,388,436,389,430,392,425,397,418,406,413,414,406,426,402,433,397,439,393,442,390,445,387,443,387,442,387,437,389,433,391,426,397,420,402,414
412,408,423,403,432,397,437,394,442,390,445,387,445,386,442,388,438,388,432,391,428,394,421,401,416,408,409,420,404,429,399,437,394,440,391,444,388,444,388,442,386,438,387,434,389,429,394,423,398,416,407,411,416,404,428,399,434,395,440,391,442,388,445,387,442,387,440,386,434,389,430,392,425,398,418,405,412,414,405,424,400,433,396,438,392,442,389,443,387,444,386,441,387,437,388,431,392,426,397,420
403,413,412,407,423,401,430,397,438,392,441,389,444,387,443,386,441,386,437,388,432,390,426,395,420,400,413,409,409,419,402,430,397,435,393,441,390,442,388,443,386,441,385,439,387,432,390,427,393,421,399,415,406,409,418,404,427,399,434,394,440,391,442,388,443,386,442,386,438,387,434,389,429,393,423,397,417,405,411,414,405,426,399,432,395,438,391,441,388,444,387,441,385,439,386,434,388,429,390,424
396,418,401,412,412,406,421,400,432,396,437,392,441,388,443,387,443,386,440,386,437,387,431,390,426,394,419,401,414,409,408,421,402,429,397,437,393,440,390,442,387,443,387,442,386,438,388,433,389,427,394,421,399,415,407,409,418,404,428,397,434,394,440,390,442,387,444,386,441,385,439,387,433,389,428,392,422,398,416,405,410,415,405,424,399,433,395,438,391,442,388,443,387,443,385,439,386,435,386,429
391,423,396,417,403,412,411,406,423,401,431,396,437,391,441,388,443,387,442,386,440,387,436,387,432,389,425,394,420,400,413,410,407,420,401,430,396,434,392,439,388,443,387,443,385,440,385,437,386,432,389,427,392,420,399,414,406,408,418,403,427,397,434,392,438,389,442,386,442,385,440,384,437,386,433,387,428,392,421,397,415,405,410,413,402,425,398,432,394,437,391,440,387,442,385,441,385,438,385,433
387,429,390,423,395,417,401,410,411,405,422,400,430,394,435,391,440,387,442,386,442,385,439,385,435,387,429,389,424,393,417,401,412,408,406,420,400,428,396,434,392,439,388,442,386,442,385,440,384,435,386,430,388,425,392,420,398,414,406,408,416,402,427,397,433,392,440,389,441,387,443,385,440,385,437,385,432,388,427,391,421,397,415,404,409,415,403,425,398,432,393,437,390,441,387,442,385,442,384,437
385,433,387,428,390,423,395,416,403,410,411,405,422,399,431,394,436,390,440,387,443,386,441,385,439,385,435,387,430,389,423,394,418,400,411,410,405,420,400,429,396,434,392,440,388,442,386,442,384,440,385,436,386,431,388,425,392,419,399,413,406,408,417,402,426,397,433,392,438,389,442,385,442,385,440,384,437,386,432,388,427,392,421,397,414,350,262,259,251,258,247,257,245,258,242,256,241,255,238,253
238,251,237,249,238,245,236,244,237,242,238,240,241,237,244,236,245,234,246,233,247,232,246,233,246,233,246,232,244,232,242,233,240,233,238,235,236,238,233,240,233,240,230,241,228,240,226,238,226,237,225,237,223,235,224,234,224,231,225,229,226,228,227,225,229,224,231,223,231,221,232,220,232,218,230,218,229,217,228,217,226,217,224,218,222,219,220,220,219,222,217,226,223,241,238,257,249,270,254,273
254,275,254,272,255,269,254,265,255,260,253,257,253,252,253,247,252,243,253,243,258,247,262,242,249,227,234,217,223,211,217,209,216,210,215,212,218,216,219,223,222,227,223,233,224,236,226,240,228,242,230,246,233,249,237,252,240,253,242,254,246,254,249,253,252,251,256,250,258,248,261,246,262,246,262,245,261,244,261,244,258,243,255,242,252,243,248,242,244,242,239,242,234,240,229,237,224,231,218,228
213,221,207,216,202,210,199,205,196,201,193,197,194,193,192,191,191,188,190,184,188,181,186,180,185,178,183,176,182,174,181,173,179,174,178,174,177,174,175,176,176,177,174,177,174,177,173,178,172,178,172,177,170,177,170,176,170,174,169,173,171,172,170,172,169,170,172,169,171,167,171,165,171,165,171,165,170,165,170,164,169,165,169,164,169,165,167,164,166,166,166,165,165,167,164,167,164,168,163,169
163,169,163,167,162,169,163,168,164,167,163,166,163,166,164,165,164,165,165,164,168,163,168,162,167,163,168,162,169,164,168,162,167,163,167,162,168,163,166,164,166,165,165,166,165,167,165,169,165,168,165,169,165,170,165,169,164,171,165,169,165,169,165,169,166,167,166,167,168,166,168,165,169,165,169,164,169,164,169,164,169,164,170,163,169,164,168,164,168,164,166,165,165,165,165,167,163,168,164,168
164,169,163,169,163,169,162,169,163,168,165,168,165,168,165,167,166,168,168,167,169,167,170,167,171,166,172,166,172,166,171,167,173,166,172,167,173,168,172,169,171,168,170,170,171,169,169,172,170,174,168,174,169,175,169,176,170,177,171,177,172,176,172,176,173,177,175,177,176,176,179,177,179,176,180,175,182,176,182,176,182,176,183,175,182,176,181,175,181,177,180,176,179,178,179,180,178,180,178,182
177,183,177,183,178,184,177,185,179,185,178,185,179,185,180,185,182,185,182,184,184,184,187,184,188,184,189,183,190,183,191,183,190,183,191,183,191,184,189,185,189,185,189,186,187,187,187,189,186,190,186,191,184,191,184,192,184,190,183,190,183,190,184,189,185,188,184,188,185,187,186,187,187,185,189,184,190,185,191,185,191,184,192,184,191,183,190,183,190,184,188,184,187,184,187,185,186,187,185,188
183,189,183,189,182,189,183,190,181,189,181,189,181,187,180,187,182,186,183,186,182,186,185,185,188,184,189,184,191,184,191,185,192,184,192,183,192,184,190,184,191,184,189,185,188,186,187,187,186,188,185,189,185,189,183,188,182,189,182,189,182,189,182,188,183,188,183,188,184,187,184,185,185,184,185,185,188,184,189,183,189,183,190,182,189,182,189,183,191,183,189,183,188,185,189,186,188,187,187,187
186,189,187,190,185,191,185,192,184,192,183,191,184,191,185,191,185,190,185,190,187,189,188,188,190,188,191,187,192,185,193,186,193,186,193,185,194,185,194,186,193,186,192,187,192,187,190,187,191,190,189,192,189,193,188,195,187,195,188,195,187,195,187,196,187,196,188,195,188,193,189,193,190,191,190,191,192,189,195,189,195,189,196,188,196,189,197,188,195,187,195,187,196,189,195,189,193,191,192,192
192,193,191,195,190,196,190,197,190,198,190,197,190,198,189,197,189,196,190,196,190,195,191,194,192,193,194,192,196,192,197,192,198,192,198,190,199,190,200,190,200,190,199,191,198,192,197,193,196,194,195,195,195,197,194,199,193,200,192,200,193,201,192,202,192,201,192,201,193,199,192,199,194,197,195,198,196,197,198,195,201,195,201,194,202,193,203,194,201,194,202,193,201,192,201,193,200,194,198,195
197,196,197,197,195,200,194,201,194,202,193,201,192,201,192,201,193,202,192,201,194,201,194,199,194,199,196,197,197,196,200,195,201,195,201,195,201,193,202,193,203,194,202,193,202,194,201,195,199,196,200,198,199,199,199,202,198,204,198,204,196,205,197,205,197,206,196,205,196,204,196,204,197,202,198,201,199,201,200,198,202,198,203,198,204,197,204,196,204,195,205,195,205,195,203,196,203,196,201,196
200,197,201,198,200,201,199,201,198,203,196,203,196,204,196,204,195,205,195,204,196,202,196,202,197,201,196,200,198,199,200,198,201,197,203,197,204,197,204,195,204,196,204,195,204,196,203,196,202,196,201,198,202,197,201,199,199,202,198,203,197,203,197,204,196,203,195,203,196,203,196,204,195,201,196,202,197,200,198,199,199,199,202,197,202,197,203,196,204,197,204,195,204,195,204,196,204,196,203,196
202,197,201,198,201,200,200,202,199,203,198,204,198,205,197,205,197,205,196,206,196,205,197,204,198,204,197,202,199,202,200,201,201,200,204,200,205,199,205,198,205,197,207,197,206,197,205,197,206,198,204,198,203,199,201,200,200,201,200,203,199,204,197,204,197,206,197,206,196,205,195,205,196,204,197,203,196,202,197,201,198,200,200,199,200,197,202,196,202,195,203,194,203,195,204,194,203,194,202,195
201,194,199,195,199,195,198,196,197,199,195,200,195,202,194,202,194,202,194,201,193,202,193,202,193,201,193,201,194,199,196,197,196,197,199,197,200,195,201,196,201,195,202,195,203,195,203,194,203,195,203,195,201,196,201,197,201,199,200,201,200,203,199,205,199,206,199,208,199,208,199,209,200,211,202,212,203,212,206,214,212,222,226,238,246,258,267,268,278,267,278,261,266,241,245,225,239,240,278,263
285,250,243,226,235,227,235,230,236,234,237,238,237,243,237,248,239,251,240,256,243,262,248,268,254,275,261,284,272,296,284,304,296,313,310,322,325,328,340,333,356,339,369,345,384,350,395,356,406,360,409,366,414,371,416,379,419,386,418,395,415,404,411,416,405,427,400,435,396,439,393,444,389,445,389,446,389,443,390,441,392,434,396,429,400,421,407,415,415,409,427,404,435,401,444,398,450,396,455,396
460,399,465,406,469,413,469,420,466,430,464,439,459,454,453,468,448,485,443,494,439,502,435,506,432,509,430,506,431,502,432,494,435,487,440,478,447,470,457,462,472,455,485,448,495,442,501,436,508,434,508,431,507,430,502,431,496,432,488,438,481,444,472,455,464,467,456,483,449,493,443,500,438,504,434,507,431,506,430,504,430,496,433,490,436,481,442,473,451,465,464,457,476,449,488,442,495,437,501,432
504,429,505,427,500,427,494,428,486,432,479,435,470,445,462,455,454,470,445,479,440,488,434,493,428,498,424,497,422,494,421,488,423,482,426,474,431,467,437,458,447,451,457,443,472,436,480,430,487,426,491,422,493,420,491,420,488,420,481,423,475,427,467,434,460,443,452,456,445,469,439,480,433,486,428,492,424,494,422,495,421,489,422,484,423,477,428,470,432,462,443,455,452,448,467,441,477,434,485,429
491,425,494,422,493,422,491,421,486,424,480,426,473,432,465,439,457,451,450,464,443,477,437,484,432,491,427,495,425,496,422,493,422,488,423,482,426,475,430,467,438,460,446,452,461,444,473,438,483,432,488,428,495,424,494,422,494,422,488,422,484,424,476,428,470,434,461,446,454,457,446,471,440,480,434,489,429,492,425,497,423,495,423,494,422,487,426,481,429,473,437,467,443,458,457,452,470,446,484,440
491,435,500,430,503,430,505,428,503,430,499,432,491,436,485,441,477,450,469,460,460,476,454,486,447,497,441,503,436,508,432,508,431,506,430,500,432,494,434,486,439,478,444,469,456,461,468,452,481,445,489,438,496,431,499,428,499,424,495,423,491,423,482,424,475,425,466,432,457,439,447,450,438,458,430,469,430,479,433,491,441,501,453,513,468,524,488,535,505,542,522,551,537,557,552,565,564,569,573,569
578,570,582,570,584,570,586,570,587,572,588,571,588,571,586,571,583,572,580,572,577,573,573,574,571,575,568,577,567,578,565,577,561,575,557,573,552,567,543,558,531,545,517,526,502,507,490,485,480,463,472,440,465,421,458,407,454,394,450,390,447,390,442,390,438,392,432,396,427,400,420,408,413,416,408,428,402,435,397,441,394,443,390,446,388,444,387,441,388,436,388,431,391,424,395,417,400,409,410,403
418,397,426,391,431,387,434,383,434,381,434,379,430,379,427,379,420,381,413,383,407,390,400,396,394,407,388,413,384,420,379,422,376,423,372,422,370,419,369,414,369,409,370,404,374,398,379,391,383,385,392,378,399,373,404,369,408,365,409,363,410,361,408,361,405,361,401,364,397,367,391,371,387,378,381,386,377,394,372,401,369,404,365,408,363,409,361,410,361,406,362,403,364,399,368,394,372,391,378,386
385,380,395,376,402,372,407,368,410,366,412,363,411,363,409,364,406,366,403,368,399,373,394,378,390,387,386,396,381,407,378,411,375,417,372,420,372,422,370,421,372,420,373,415,376,412,381,407,387,401,394,396,404,391,413,387,420,382,424,380,429,377,428,376,428,375,425,376,420,378,416,381,410,386,403,393,398,402,393,413,387,418,384,424,381,427,378,430,377,428,376,428,376,423,379,418,383,413,388,409
394,403,403,397,413,393,421,388,426,384,432,382,433,380,434,379,432,380,428,381,424,385,418,388,413,395,407,402,401,413,396,421,392,428,387,432,383,435,381,436,380,434,380,431,383,427,384,422,389,416,393,410,401,405,412,398,421,393,427,390,433,386,435,383,436,380,433,380,430,381,426,382,421,385,414,390,409,397,403,406,397,416,392,424,388,428,384,432,381,432,379,432,379,428,378,425,380,420,383,415
388,409,394,403,403,397,413,393,420,388,427,384,430,383,433,380,431,378,431,378,425,380,422,382,416,388,411,393,405,402,399,410,395,421,392,428,389,433,386,438,385,439,383,439,384,435,385,430,388,425,391,419,397,414,404,408,416,403,424,398,432,393,437,391,441,387,442,387,443,385,439,387,436,389,430,394,425,398,420,407,415,417,409,429,404,436,400,443,396,446,392,449,389,446,389,444,389,439,391,433
393,427,398,422,404,415,414,410,424,405,434,399,440,397,445,394,447,391,450,392,445,391,443,391,437,394,433,398,425,405,419,412,413,423,408,432,402,438,396,441,393,445,389,445,388,443,388,440,389,436,391,431,395,424,400,418,408,412,417,407,429,401,434,397,440,393,443,390,445,388,443,388,441,388,437,390,431,393,425,399,419,405,412,415,407,424,402,432,398,438,393,443,391,445,389,445,388,442,389,439
390,433,394,428,398,422,405,417,413,410,424,405,432,400,438,395,441,391,444,389,444,387,442,387,438,389,434,391,427,396,422,400,416,410,411,419,405,430,401,437,397,443,395,448,392,449,391,447,391,445,392,440,394,435,397,429,402,423,409,415,420,409,430,404,437,399,442,395,446,392,447,391,446,389,444,391,440,392,435,396,430,401,424,409,419,418,413,429,407,438,403,444,398,448,395,451,392,450,393,448
392,444,395,440,397,434,402,429,409,424,419,419,430,415,442,411,449,409,457,407,460,407,463,408,464,413,466,419,466,430,468,440,470,453,472,466,475,482,479,496,483,507,487,517,492,525,495,529,497,531,494,527,490,518,477,502,467,487,456,470,449,451,445,435,447,420,447,409,450,400,449,394,450,392,449,392,447,392,444,395,440,398,433,404,429,411,424,421,417,432,412,441,407,447,403,453,400,454,397,455
396,453,396,449,398,444,400,439,404,432,411,426,418,420,430,413,439,408,446,404,450,400,454,398,454,397,454,396,450,397,447,398,440,403,434,408,427,416,422,426,415,437,410,443,405,450,401,454,398,455,396,454,395,451,395,446,398,441,401,434,406,428,412,422,422,416,432,410,441,405,446,401,451,397,452,395,452,394,450,394,446,396,441,399,436,403,429,409,424,417,417,429,411,437,406,445,401,449,398,453
396,451,394,451,394,448,396,442,397,438,402,432,407,426,416,420,426,414,438,408,446,405,452,402,456,400,459,398,458,398,457,399,451,402,448,405,440,412,435,418,429,431,422,441,416,451,411,457,407,462,403,463,401,463,400,460,400,456,402,449,405,443,409,436,418,429,426,423,438,416,446,411,453,406,458,403,461,400,460,399,460,398,455,400,451,403,445,409,439,416,433,426,427,436,421,449,416,456,412,463
408,467,405,470,404,468,406,467,407,461,412,457,414,451,423,445,431,439,444,433,456,428,467,421,474,418,480,415,482,414,482,414,479,416,476,418,470,423,464,428,457,437,450,448,443,462,436,472,431,482,426,488,423,492,421,491,419,489,419,482,420,477,423,469,429,463,436,455,448,448,460,441,474,435,481,430,488,426,491,422,492,420,490,420,487,421,479,424,473,428,465,436,458,444,451,459,443,471,437,481
433,488,428,493,425,496,423,497,423,491,424,487,425,480,431,473,436,465,447,457,457,448,472,442,481,436,490,431,495,427,499,425,499,425,496,425,490,427,484,430,476,437,469,444,461,457,454,469,447,483,440,491,436,498,430,501,428,503,425,499,426,494,428,487,432,481,437,473,444,466,453,457,468,450,480,443,490,437,496,432,501,429,501,427,500,426,496,428,490,429,483,436,475,441,467,452,460,463,452,478
446,487,440,496,433,501,431,502,428,500,427,497,426,491,430,485,433,478,439,471,448,462,461,455,475,448,487,442,494,438,502,433,504,430,506,428,502,428,497,429,490,434,483,439,474,449,468,458,459,473,452,485,446,495,439,501,436,506,432,507,430,505,429,500,431,494,433,486,439,478,445,470,456,462,470,455,484,447,492,441,501,436,505,434,508,430,506,430,502,430,495,433,488,436,481,444,472,453,465,466
457,479,450,491,443,498,438,506,433,507,431,507,430,503,431,498,432,490,437,484,442,476,451,468,461,460,478,453,490,445,498,440,503,436,508,432,508,431,506,430,501,432,495,435,486,441,478,448,469,459,462,472,454,487,447,494,441,503,436,506,433,509,431,505,430,502,431,495,434,489,438,480,446,472,455,464,470,456,482,449,493,443,500,439,506,434,508,432,509,430,504,432,499,433,491,438,482,443,474,453
466,464,459,479,452,489,444,499,439,504,435,509,431,506,430,505,431,498,433,491,435,484,442,476,449,468,460,460,474,452,486,446,494,439,502,436,505,432,507,430,504,430,499,431,491,435,485,439,478,448,470,456,463,471,454,483,448,494,442,501,437,506,434,507,433,506,431,501,432,497,435,489,439,482,445,473,456,465,467,458,482,450,491,444,500,439,504,435,507,432,506,430,504,431,496,433,490,436,481,443
474,449,465,463,457,474,450,486,443,493,437,498,432,499,428,500,425,495,424,490,424,481,427,474,431,464,438,456,446,446,458,439,467,431,474,425,478,418,480,414,478,411,476,409,468,409,462,410,453,413,446,418,438,426,431,435,425,447,417,454,412,461,408,466,405,467,403,466,404,463,405,459,407,454,410,448,416,443,425,436,437,431,449,425,459,419,467,415,472,411,475,409,475,408,472,409,468,411,461,415
455,418,448,427,443,435,434,449,428,459,423,467,417,471,414,475,410,474,410,473,409,469,410,464,413,457,418,450,425,443,434,437,446,431,458,425,466,420,472,416,476,413,479,410,476,411,473,411,468,415,463,419,456,426,450,434,443,447,437,458,430,470,426,476,421,483,419,484,416,485,415,482,417,478,419,472,424,466,429,459,440,453,450,446,464,440,475,435,484,429,489,426,495,423,495,423,492,422,487,426
482,428,475,434,468,441,460,452,454,464,446,478,439,486,434,494,430,498,427,500,426,498,426,493,426,487,430,481,433,474,442,466,451,458,464,451,477,444,488,438,494,434,500,429,502,428,501,427,497,429,491,429,485,434,478,440,469,449,461,461,453,476,446,485,439,493,434,498,430,500,427,499,425,497,425,491,427,485,430,476,437,470,444,462,457,454,470,448,483,442,491,437,499,432,502,429,504,428,501,427
496,429,489,432,482,436,473,444,466,453,458,467,450,479,443,488,437,494,432,500,428,500,426,499,425,495,427,489,429,481,433,474,439,465,449,458,461,451,475,444,484,438,493,432,498,429,502,426,500,427,497,426,491,429,485,433,477,439,470,447,463,460,455,472,447,485,441,492,436,500,432,502,430,504,428,500,428,496,429,489,433,483,438,474,446,466,456,459,471,451,483,445,493,439,499,433,503,431,504,429
502,427,496,430,491,431,483,436,477,442,467,452,459,464,451,479,444,486,438,495,433,499,431,501,427,498,426,496,426,489,427,482,431,473,437,465,445,456,457,449,468,442,480,437,486,431,493,426,495,424,495,422,491,422,485,424,477,428,470,430,462,438,455,447,445,460,440,471,437,484,435,490,433,495,431,495,429,493,428,488,430,483,433,476,436,467,440,458,446,448,453,438,462,429,468,422,473,417,476,414
477,412,475,411,471,411,464,414,459,417,453,423,447,430,439,443,434,453,427,464,421,469,417,474,414,475,411,475,410,471,410,467,411,460,416,454,419,445,427,439,436,432,447,425,455,419,462,414,465,410,468,406,467,405,464,404,459,405,453,407,447,412,440,416,434,427,428,437,422,448,415,454,410,460,407,462,404,465,403,463,403,462,405,457,408,453,412,447,422,441,428,435,441,431,453,425,462,421,468,416
476,413,477,412,478,412,476,414,472,417,466,422,461,427,454,435,448,446,440,459,433,469,428,476,422,479,418,482,414,480,413,476,411,470,413,464,416,456,420,450,426,442,438,436,449,431,461,425,467,419,474,415,477,413,478,412,475,412,472,412,465,415,460,418,452,426,445,433,438,446,430,455,423,463,417,466,412,468,407,467,403,465,401,458,401,453,401,445,404,437,408,430,416,423,424,416,436,410,443,406
449,400,453,397,455,395,453,394,451,394,446,396,441,398,436,405,431,413,427,426,425,439,423,452,420,457,417,462,411,461,403,456,397,452,393,447,395,441,399,436,401,429,408,424,415,418,427,412,436,406,444,401,448,397,453,395,454,394,455,394,452,398,449,400,443,406,441,412,435,423,430,435,426,449,421,460,417,469,414,475,413,480,412,481,414,481,415,477,419,473,423,466,431,460,438,453,451,445,464,439
475,432,481,425,486,421,488,418,487,415,482,414,476,414,468,417,460,419,450,426,443,434,433,446,426,455,420,462,414,467,412,472,408,474,408,474,408,472,412,469,416,464,423,460,432,455,443,450,457,445,473,441,484,436,494,433,501,431,504,429,504,430,502,430,496,436,496,450,500,472,512,501,530,540,555,579,583,615,597,631,597,634,589,631,579,626,569,618,562,608,555,596,549,583,542,567,538,550,537,534
539,520,542,506,542,491,540,479,537,467,529,458,521,449,509,443,498,439,485,440,474,440,461,450,451,458,442,470,435,475,428,481,423,482,419,484,416,480,414,476,414,468,415,461,417,452,422,445,428,436,438,428,447,421,455,416,460,411,464,406,464,404,464,403,460,403,457,404,451,408,446,413,438,421,433,429,425,441,420,449,415,456,410,460,406,463,403,463,402,460,403,459,409,460,422,467,444,481,473,501
508,528,544,557,572,573,581,566,575,546,559,515,539,483,515,456,494,434,471,414,447,405,437,410,430,416,423,427,417,437,411,446,406,451,403,456,400,459,398,459,398,456,399,452,400,446,404,441,409,434,417,429,426,423,439,417,447,410,454,405,457,402,460,399,458,398,455,396,449,397,444,399,438,403,431,409,424,417,418,428,411,437,405,442,401,447,397,450,395,451,393,448,392,446,393,440,395,435,398,428
404,423,411,417,421,410,431,405,439,401,444,397,448,394,449,392,450,391,447,393,442,394,438,398,432,402,425,410,419,419,414,431,409,439,404,445,399,449,396,453,394,452,393,450,393,446,395,441,397,435,402,429,408,422,417,417,428,410,438,406,443,401,450,397,451,395,453,394,450,395,447,394,441,397,436,400,429,406,424,412,417,424,412,433,406,441,402,446,398,450,395,450,394,450,393,447,394,443,395,437
399,432,403,426,411,420,420,415,432,409,440,404,447,408,462,425,482,446,499,468,517,494,536,519,545,518,534,505,510,475,470,451,437,439,416,442,409,447,405,453,402,455,399,456,397,454,398,451,398,444,400,440,404,433,410,428,417,420,428,415,437,409,444,404,448,401,454,399,458,402,468,409,473,415,475,420,472,428,471,437,466,450,462,462,455,477,449,486,442,495,437,501,433,505,430,504,430,501,430,494
